SOC,FRACSEC,FREQ,[R-PHASE VOLTAGE],[Y-PHASE VOLTAGE],[B-PHASE VOLTAGE],
1670025783,360000,49.968048,32.556511∠-34.791241,33.215347∠-154.792244,33.119160∠85.922635,
1764338177,5636097,33.114708,-0.000000∠-2954499795974.521973,32.557072∠-40.447903,33.211571∠-160.450399,
0,255,33.114708,-0.000000∠-2954499795974.521973,32.557072∠-40.447903,33.211571∠-160.450399,
1670025784,320000,49.967171,32.537418∠-46.031104,33.211094∠-166.041845,33.106743∠74.722058,
1670025784,360000,49.966347,32.536255∠-46.484093,33.212650∠-166.500957,33.107555∠74.268871,
1670025784,400000,49.966202,32.536423∠-46.946428,33.212124∠-166.969609,33.108429∠73.807968,
1670025784,440000,49.966961,32.535252∠-47.415818,33.212196∠-167.439423,33.108135∠73.339234,
1670025784,480000,49.967583,32.533062∠-47.894372,33.211586∠-167.920594,33.108788∠72.855733,
1670025784,520000,49.967510,32.532574∠-48.381509,33.212524∠-168.401560,33.107647∠72.363655,
1670025784,560000,49.967197,32.531403∠-48.851906,33.213539∠-168.871442,33.105087∠71.894566,
1670025784,600000,49.967571,32.531525∠-49.316745,33.213623∠-169.334559,33.102573∠71.432652,
1670025784,640000,49.967049,32.533012∠-49.768084,33.212925∠-169.785389,33.103447∠70.984262,
1670025784,680000,49.967743,32.534130∠-50.230418,33.214333∠-170.249025,33.102901∠70.520291,
1670025784,720000,49.967995,32.535973∠-50.685482,33.216328∠-170.710214,33.103020∠70.064028,
1670025784,760000,49.966908,32.537403∠-51.145800,33.219337∠-171.174903,33.103733∠69.606420,
1670025784,800000,49.967449,32.538586∠-51.604683,33.221741∠-171.642994,33.105713∠69.148517,
1670025784,840000,49.967396,32.538338∠-52.062039,33.223133∠-172.103678,33.107662∠68.687450,
1670025784,880000,49.966599,32.538445∠-52.533141,33.222729∠-172.576895,33.109600∠68.213878,
1670025784,920000,49.967110,32.538456∠-53.000331,33.222645∠-173.041707,33.110619∠67.749005,
1670025784,960000,49.967808,32.540718∠-53.475587,33.222870∠-173.517028,33.110821∠67.273362,
1670025785,0,49.966873,32.541172∠-53.952245,33.221840∠-173.989070,33.112225∠66.799578,
1670025785,40000,49.966923,32.542923∠-54.420354,33.221157∠-174.449918,33.111572∠66.332006,
1670025785,80000,49.968086,32.542923∠-54.888828,33.222103∠-174.914497,33.112507∠65.861495,
1670025785,120000,49.967918,32.544037∠-55.340136,33.224174∠-175.368374,33.111137∠65.406552,
1670025785,160000,49.967197,32.544250∠-55.805890,33.225071∠-175.831969,33.109852∠64.939683,
1670025785,200000,49.966396,32.543720∠-56.267247,33.223339∠-176.295141,33.108997∠64.477612,
1670025785,240000,49.966934,32.543327∠-56.737065,33.222389∠-176.767046,33.109093∠64.004805,
1670025785,280000,49.968086,32.542786∠-57.201780,33.222195∠-177.234686,33.109028∠63.535839,
1670025785,320000,49.967461,32.543076∠-57.664726,33.223782∠-177.701097,33.109879∠63.073310,
1670025785,360000,49.967468,32.544289∠-58.133050,33.225994∠-178.168396,33.110706∠62.608369,
1670025785,400000,49.968147,32.545986∠-58.594342,33.229279∠-178.632619,33.111900∠62.145669,
1670025785,440000,49.968315,32.548428∠-59.046785,33.231419∠-179.080128,33.112686∠61.696500,
1670025785,480000,49.968082,32.552067∠-59.494792,33.234619∠-179.524288,33.113728∠61.253050,
1670025785,520000,49.967945,32.555134∠-59.948971,33.237995∠-179.977373,33.117218∠60.797287,
1670025785,560000,49.968193,32.558277∠-60.394504,33.239357∠179.905210,33.118984∠60.346764,
1670025785,600000,49.968399,32.559868∠-60.833655,33.239811∠179.463728,33.118614∠59.904388,
1670025785,640000,49.968285,32.559227∠-61.282333,33.239597∠179.011040,33.119221∠59.457310,
1670025785,680000,49.967983,32.559616∠-61.725734,33.237701∠178.564529,33.118786∠59.013724,
1670025785,720000,49.968254,32.559586∠-62.174903,33.233891∠178.112524,33.117668∠58.560714,
1670025785,760000,49.968185,32.559109∠-62.625350,33.227341∠177.659931,33.114399∠58.101677,
1670025785,800000,49.967781,32.560608∠-63.080110,33.219604∠177.206723,33.109562∠57.639790,
1670025785,840000,49.967819,32.561806∠-63.542263,33.215096∠176.749852,33.106510∠57.173786,
1670025785,880000,49.968346,32.562725∠-63.997234,33.214268∠176.298298,33.105515∠56.719792,
1670025785,920000,49.968552,32.563793∠-64.460822,33.215263∠175.836056,33.106533∠56.258473,
1670025785,960000,49.967281,32.562630∠-64.915151,33.215889∠175.381536,33.108292∠55.809058,
1670025786,0,49.967159,32.562893∠-65.373764,33.214859∠174.926934,33.109882∠55.354681,
1670025786,40000,49.968582,32.561680∠-65.835452,33.214336∠174.470050,33.108852∠54.895508,
1670025786,80000,49.968658,32.561699∠-66.291893,33.212669∠174.014368,33.108692∠54.437964,
1670025786,120000,49.968231,32.562710∠-66.744574,33.210964∠173.561242,33.106903∠53.980341,
1670025786,160000,49.967560,32.564358∠-67.189008,33.209541∠173.113856,33.104805∠53.535050,
1670025786,200000,49.968182,32.567200∠-67.640350,33.208557∠172.664612,33.105129∠53.087996,
1670025786,240000,49.969257,32.568027∠-68.091139,33.209015∠172.212935,33.105793∠52.637115,
1670025786,280000,49.968697,32.567112∠-68.539358,33.208656∠171.766069,33.104687∠52.190300,
1670025786,320000,49.968746,32.565929∠-68.969988,33.207684∠171.330765,33.103523∠51.756052,
1670025786,360000,49.969490,32.565357∠-69.417018,33.207302∠170.888914,33.103596∠51.315466,
1670025786,400000,49.968857,32.564705∠-69.852534,33.208157∠170.454608,33.105591∠50.876756,
1670025786,440000,49.967812,32.564980∠-70.287714,33.209202∠170.019428,33.107983∠50.440632,
1670025786,480000,49.968071,32.563431∠-70.730562,33.208977∠169.579860,33.107750∠49.998638,
1670025786,520000,49.968819,32.562416∠-71.165313,33.208282∠169.137681,33.106724∠49.565719,
1670025786,560000,49.968006,32.559120∠-71.627828,33.203770∠168.682724,33.103558∠49.110564,
1670025786,600000,49.967617,32.553413∠-72.074038,33.197414∠168.241912,33.099728∠48.672209,
1670025786,640000,49.969330,32.543522∠-72.526262,33.188778∠167.798805,33.095165∠48.222260,
1670025786,680000,49.969666,32.534653∠-72.967368,33.179714∠167.366152,33.089745∠47.784712,
1670025786,720000,49.969589,32.525467∠-73.404865,33.171680∠166.932461,33.085285∠47.345653,
1670025786,760000,49.970615,32.521004∠-73.815062,33.168053∠166.518274,33.083504∠46.933140,
1670025786,800000,49.971416,32.522217∠-74.212760,33.168549∠166.115758,33.083866∠46.535117,
1670025786,840000,49.971531,32.529205∠-74.632544,33.173496∠165.688572,33.086304∠46.110111,
1670025786,880000,49.970917,32.536800∠-75.022459,33.181393∠165.287984,33.091202∠45.713312,
1670025786,920000,49.970016,32.544041∠-75.424251,33.191582∠164.884169,33.094612∠45.312662,
1670025786,960000,49.969543,32.550499∠-75.840550,33.198318∠164.466346,33.098251∠44.894193,
1670025787,0,49.969830,32.551987∠-76.272614,33.202381∠164.035279,33.100300∠44.463228,
1670025787,40000,49.970367,32.552101∠-76.710119,33.204460∠163.594003,33.100693∠44.018549,
1670025787,80000,49.970093,32.550747∠-77.138732,33.204155∠163.172052,33.097198∠43.584759,
1670025787,120000,49.969257,32.551060∠-77.577637,33.203617∠162.738553,33.091026∠43.140981,
1670025787,160000,49.968857,32.547615∠-78.018469,33.204075∠162.298930,33.083649∠42.696790,
1670025787,200000,49.969566,32.545685∠-78.455598,33.202507∠161.868164,33.080807∠42.264910,
1670025787,240000,49.970005,32.545563∠-78.900585,33.201065∠161.424550,33.079865∠41.820275,
1670025787,280000,49.969742,32.545097∠-79.332834,33.200943∠160.991228,33.081268∠41.387479,
1670025787,320000,49.970154,32.548084∠-79.765999,33.199177∠160.557674,33.084648∠40.959874,
1670025787,360000,49.970154,32.551094∠-80.192473,33.197823∠160.130817,33.087097∠40.534393,
1670025787,400000,49.969269,32.553196∠-80.623219,33.197414∠159.708237,33.088821∠40.104331,
1670025787,440000,49.968670,32.552052∠-81.053083,33.198425∠159.280259,33.089390∠39.678222,
1670025787,480000,49.969620,32.552567∠-81.478430,33.198303∠158.850040,33.090786∠39.252069,
1670025787,520000,49.970421,32.552593∠-81.913454,33.198624∠158.411196,33.091404∠38.817165,
1670025787,560000,49.969757,32.551510∠-82.346072,33.199615∠157.973569,33.092667∠38.379175,
1670025787,600000,49.969372,32.552502∠-82.774624,33.200062∠157.537185,33.091576∠37.942512,
1670025787,640000,49.969856,32.553791∠-83.196178,33.202332∠157.110588,33.090939∠37.512528,
1670025787,680000,49.969830,32.553555∠-83.630717,33.205097∠156.677676,33.091465∠37.079715,
1670025787,720000,49.969620,32.552036∠-84.061831,33.206367∠156.242413,33.093410∠36.645587,
1670025787,760000,49.968895,32.549522∠-84.506784,33.206284∠155.800986,33.093731∠36.203565,
1670025787,800000,49.967335,32.548153∠-84.943038,33.206573∠155.366462,33.091858∠35.771504,
1670025787,840000,49.967373,32.545738∠-85.394066,33.204819∠154.912516,33.087971∠35.325509,
1670025787,880000,49.968918,32.543015∠-85.855269,33.199471∠154.449290,33.083302∠34.867528,
1670025787,920000,49.969257,32.540047∠-86.305662,33.193924∠153.997298,33.078033∠34.421246,
1670025787,960000,49.968010,32.535896∠-86.778263,33.187828∠153.525229,33.074337∠33.952420,
1670025788,0,49.968521,32.531319∠-87.241325,33.182648∠153.063466,33.071960∠33.493567,
1670025788,40000,49.969494,32.527241∠-87.688697,33.179226∠152.619169,33.070152∠33.043438,
1670025788,80000,49.970116,32.524410∠-88.111871,33.178715∠152.195359,33.070324∠32.618323,
1670025788,120000,49.969467,32.521866∠-88.519895,33.181332∠151.781254,33.070232∠32.203319,
1670025788,160000,49.969017,32.521259∠-88.952506,33.182976∠151.341535,33.069099∠31.760180,
1670025788,200000,49.969208,32.521267∠-89.366920,33.186153∠150.917371,33.068745∠31.335524,
1670025788,240000,49.969078,32.523094∠-89.797331,33.187038∠150.484677,33.066673∠30.900527,
1670025788,280000,49.970619,32.525696∠-90.232723,33.187679∠150.055018,33.066566∠30.465897,
1670025788,320000,49.970619,32.528606∠-90.676002,33.188263∠149.613728,33.069954∠30.029131,
1670025788,360000,49.969582,32.531990∠-91.108859,33.187607∠149.187008,33.073990∠29.606824,
1670025788,400000,49.970081,32.535717∠-91.533557,33.189365∠148.763485,33.077431∠29.187652,
1670025788,440000,49.970154,32.538982∠-91.943631,33.191456∠148.355092,33.080715∠28.785341,
1670025788,480000,49.969666,32.539787∠-92.359110,33.193233∠147.940494,33.082520∠28.370564,
1670025788,520000,49.968571,32.539146∠-92.788482,33.193108∠147.512093,33.081055∠27.941615,
1670025788,560000,49.967731,32.535980∠-93.229225,33.191734∠147.073112,33.076866∠27.500219,
1670025788,600000,49.969219,32.532944∠-93.686486,33.188293∠146.619536,33.071785∠27.047447,
1670025788,640000,49.968971,32.528587∠-94.127714,33.185371∠146.174760,33.067577∠26.608983,
1670025788,680000,49.968582,32.525692∠-94.582508,33.182545∠145.720650,33.065590∠26.148283,
1670025788,720000,49.969379,32.524200∠-95.024344,33.181229∠145.275288,33.064117∠25.703436,
1670025788,760000,49.968468,32.523235∠-95.467220,33.180763∠144.831168,33.064995∠25.261567,
1670025788,800000,49.968407,32.524010∠-95.915166,33.180996∠144.385040,33.067078∠24.817757,
1670025788,840000,49.969093,32.524712∠-96.373499,33.183853∠143.929700,33.071247∠24.363060,
1670025788,880000,49.969917,32.528275∠-96.819094,33.188049∠143.491130,33.077202∠23.918717,
1670025788,920000,49.969330,32.532909∠-97.265058,33.194462∠143.046546,33.083893∠23.472664,
1670025788,960000,49.968071,32.538597∠-97.689886,33.199997∠142.617106,33.087433∠23.038843,
1670025789,0,49.968731,32.543568∠-98.127171,33.203758∠142.173930,33.088814∠22.594256,
1670025789,40000,49.968918,32.546234∠-98.560637,33.205338∠141.744202,33.087139∠22.158877,
1670025789,80000,49.968357,32.545971∠-99.023036,33.204845∠141.281728,33.084724∠21.696910,
1670025789,120000,49.968269,32.543823∠-99.471652,33.203693∠140.831007,33.083008∠21.248137,
1670025789,160000,49.968105,32.538952∠-99.937379,33.202728∠140.359185,33.082485∠20.779724,
1670025789,200000,49.967346,32.536434∠-100.388168,33.198486∠139.911266,33.081055∠20.328585,
1670025789,240000,49.967258,32.534595∠-100.842558,33.193729∠139.457183,33.078690∠19.874086,
1670025789,280000,49.968384,32.533154∠-101.310697,33.188255∠138.991839,33.076298∠19.406375,
1670025789,320000,49.968197,32.533371∠-101.781796,33.184975∠138.517679,33.073734∠18.933074,
1670025789,360000,49.967472,32.533031∠-102.240532,33.183765∠138.057692,33.068546∠18.472206,
1670025789,400000,49.967834,32.534008∠-102.706164,33.187439∠137.587646,33.066116∠18.005199,
1670025789,440000,49.967819,32.534588∠-103.162966,33.191265∠137.129176,33.069000∠17.548990,
1670025789,480000,49.968285,32.537251∠-103.619010,33.198620∠136.668328,33.075676∠17.089664,
1670025789,520000,49.968945,32.543423∠-104.068452,33.206280∠136.219316,33.083157∠16.642724,
1670025789,560000,49.967773,32.551491∠-104.513549,33.212715∠135.772696,33.091022∠16.195785,
1670025789,600000,49.967297,32.558830∠-104.966381,33.218273∠135.319269,33.098190∠15.743530,
1670025789,640000,49.968220,32.564182∠-105.417593,33.222168∠134.867674,33.101639∠15.287671,
1670025789,680000,49.968334,32.566631∠-105.874785,33.223877∠134.407892,33.102859∠14.824757,
1670025789,720000,49.967896,32.565994∠-106.335619,33.223927∠133.949928,33.101894∠14.370425,
1670025789,760000,49.967392,32.561466∠-106.806383,33.221287∠133.476383,33.100204∠13.901584,
1670025789,800000,49.967857,32.557426∠-107.260049,33.216831∠133.025362,33.098076∠13.445833,
1670025789,840000,49.968582,32.553944∠-107.713797,33.213982∠132.573398,33.095047∠12.993578,
1670025789,880000,49.968559,32.550358∠-108.154061,33.210491∠132.135101,33.090736∠12.556215,
1670025789,920000,49.967983,32.547169∠-108.598174,33.205345∠131.689861,33.086403∠12.110176,
1670025789,960000,49.967808,32.544434∠-109.052783,33.201122∠131.242298,33.083416∠11.655005,
1670025790,0,49.968307,32.541710∠-109.506476,33.196487∠130.786780,33.079765∠11.196382,
1670025790,40000,49.968544,32.540863∠-109.959369,33.196045∠130.336224,33.078972∠10.743333,
1670025790,80000,49.968147,32.541302∠-110.413274,33.198673∠129.882756,33.079712∠10.288773,
1670025790,120000,49.967648,32.542068∠-110.863175,33.202721∠129.433006,33.080818∠9.837358,
1670025790,160000,49.967373,32.543518∠-111.315398,33.205891∠128.975725,33.081577∠9.381835,
1670025790,200000,49.967220,32.543697∠-111.772324,33.207779∠128.515793,33.082565∠8.923854,
1670025790,240000,49.967297,32.542168∠-112.236985,33.208290∠128.046745,33.081245∠8.458770,
1670025790,280000,49.967072,32.541660∠-112.718136,33.206776∠127.564795,33.080429∠7.978444,
1670025790,320000,49.967857,32.540691∠-113.186945,33.204861∠127.101090,33.079311∠7.513117,
1670025790,360000,49.968357,32.539574∠-113.669298,33.203457∠126.623145,33.081463∠7.032333,
1670025790,400000,49.967133,32.540794∠-114.129025,33.203110∠126.165495,33.084248∠6.574168,
1670025790,440000,49.966721,32.542126∠-114.591131,33.202404∠125.703307,33.086399∠6.110566,
1670025790,480000,49.967247,32.543236∠-115.041783,33.202084∠125.250305,33.087696∠5.655181,
1670025790,520000,49.967945,32.544685∠-115.500690,33.203434∠124.790536,33.087971∠5.197031,
1670025790,560000,49.967484,32.544048∠-115.968235,33.202602∠124.323456,33.085896∠4.731932,
1670025790,600000,49.966721,32.542870∠-116.442928,33.201637∠123.854244,33.085316∠4.260144,
1670025790,640000,49.966969,32.542007∠-116.918837,33.198997∠123.382066,33.084167∠3.782446,
1670025790,680000,49.967133,32.543415∠-117.382378,33.195702∠122.919427,33.084259∠3.316094,
1670025790,720000,49.967869,32.542587∠-117.843335,33.193672∠122.462762,33.084019∠2.860511,
1670025790,760000,49.967720,32.542141∠-118.310388,33.193020∠121.994520,33.084137∠2.396573,
1670025790,800000,49.967171,32.542950∠-118.771577,33.193184∠121.530241,33.083931∠1.936880,
1670025790,840000,49.967098,32.542305∠-119.227806,33.195923∠121.072578,33.084118∠1.482717,
1670025790,880000,49.966763,32.541553∠-119.685879,33.199715∠120.617880,33.084553∠1.031394,
1670025790,920000,49.967136,32.541023∠-120.148982,33.200672∠120.153752,33.084614∠0.566036,
1670025790,960000,49.968235,32.541885∠-120.619206,33.202545∠119.688476,33.085114∠0.092552,
1670025791,0,49.969357,32.544113∠-121.085316,33.205475∠119.224321,33.087032∠-0.370668,
1670025791,40000,49.968472,32.550392∠-121.543471,33.212219∠118.765960,33.090935∠-0.829795,
1670025791,80000,49.967247,32.556988∠-121.985376,33.221470∠118.318178,33.096657∠-1.275513,
1670025791,120000,49.967308,32.563053∠-122.427992,33.227879∠117.874250,33.101189∠-1.715427,
1670025791,160000,49.967209,32.566490∠-122.889059,33.232048∠117.413375,33.102654∠-2.175012,
1670025791,200000,49.966797,32.566063∠-123.360635,33.233631∠116.942195,33.100956∠-2.644005,
1670025791,240000,49.967308,32.563644∠-123.843242,33.232227∠116.459219,33.099617∠-3.130104,
1670025791,280000,49.967846,32.560425∠-124.313930,33.231396∠115.989515,33.100361∠-3.602457,
1670025791,320000,49.966621,32.556988∠-124.792860,33.228817∠115.511638,33.099411∠-4.087578,
1670025791,360000,49.965961,32.552670∠-125.255594,33.228626∠115.044503,33.099541∠-4.550462,
1670025791,400000,49.966747,32.548347∠-125.728155,33.228020∠114.576309,33.100208∠-5.014752,
1670025791,440000,49.966995,32.544426∠-126.203203,33.227100∠114.105839,33.099365∠-5.476353,
1670025791,480000,49.967686,32.541157∠-126.678333,33.226295∠113.629417,33.098671∠-5.941192,
1670025791,520000,49.967636,32.539219∠-127.144211,33.225792∠113.168603,33.097420∠-6.398273,
1670025791,560000,49.966972,32.537609∠-127.603241,33.224590∠112.716523,33.097118∠-6.845762,
1670025791,600000,49.967434,32.535423∠-128.064922,33.224289∠112.259584,33.097336∠-7.303789,
1670025791,640000,49.967033,32.532402∠-128.530417,33.223595∠111.796173,33.097775∠-7.765543,
1670025791,680000,49.966721,32.530869∠-128.989147,33.222393∠111.334594,33.097038∠-8.234537,
1670025791,720000,49.967472,32.528404∠-129.446920,33.220299∠110.870979,33.094917∠-8.702338,
1670025791,760000,49.967670,32.526501∠-129.908998,33.218834∠110.406605,33.092625∠-9.167483,
1670025791,800000,49.968357,32.525814∠-130.369340,33.219448∠109.942169,33.093304∠-9.631864,
1670025791,840000,49.967594,32.525520∠-130.840534,33.223003∠109.471009,33.094929∠-10.098902,
1670025791,880000,49.966675,32.528316∠-131.303637,33.227112∠109.008425,33.097916∠-10.555494,
1670025791,920000,49.967636,32.531338∠-131.765906,33.231201∠108.544755,33.099949∠-11.015202,
1670025791,960000,49.967587,32.534836∠-132.224253,33.235489∠108.087864,33.099590∠-11.473504,
1670025792,0,49.967548,32.538071∠-132.688094,33.237133∠107.620838,33.098774∠-11.943597,
1670025792,40000,49.967022,32.539791∠-133.152482,33.236961∠107.151387,33.095661∠-12.420471,
1670025792,80000,49.966812,32.539230∠-133.618797,33.235165∠106.677917,33.090405∠-12.905348,
1670025792,120000,49.967510,32.538586∠-134.086014,33.229492∠106.211705,33.085930∠-13.385521,
1670025792,160000,49.967121,32.539062∠-134.559859,33.224197∠105.740415,33.081947∠-13.864167,
1670025792,200000,49.966373,32.539154∠-135.030985,33.218613∠105.268121,33.081627∠-14.331938,
1670025792,240000,49.967247,32.540642∠-135.496917,33.216087∠104.801143,33.083908∠-14.788132,
1670025792,280000,49.968483,32.542664∠-135.962098,33.214558∠104.338614,33.086716∠-15.246160,
1670025792,320000,49.968121,32.546627∠-136.423000,33.215111∠103.875279,33.090389∠-15.703912,
1670025792,360000,49.967411,32.551014∠-136.887265,33.216858∠103.415989,33.093330∠-16.165269,
1670025792,400000,49.967934,32.554195∠-137.344573,33.221642∠102.959419,33.095146∠-16.619387,
1670025792,440000,49.967632,32.556335∠-137.795621,33.226112∠102.509033,33.097839∠-17.076743,
1670025792,480000,49.966759,32.556580∠-138.256018,33.232040∠102.050509,33.099537∠-17.535534,
1670025792,520000,49.966972,32.553886∠-138.711413,33.235962∠101.596078,33.100327∠-17.992125,
1670025792,560000,49.967422,32.548161∠-139.180680,33.239651∠101.133726,33.099976∠-18.456536,
1670025792,600000,49.967533,32.539974∠-139.641952,33.240463∠100.668628,33.098064∠-18.916031,
1670025792,640000,49.967731,32.534500∠-140.109688,33.240799∠100.201466,33.096889∠-19.380168,
1670025792,680000,49.968544,32.532146∠-140.570331,33.239311∠99.741745,33.098221∠-19.839478,
1670025792,720000,49.968147,32.535164∠-141.029730,33.237179∠99.284909,33.099724∠-20.295061,
1670025792,760000,49.967686,32.538643∠-141.484305,33.237331∠98.836190,33.101200∠-20.743955,
1670025792,800000,49.968033,32.542320∠-141.922437,33.238850∠98.395413,33.101685∠-21.183808,
1670025792,840000,49.967934,32.545174∠-142.375495,33.239338∠97.940442,33.101868∠-21.637713,
1670025792,880000,49.967834,32.545429∠-142.819177,33.238018∠97.496869,33.100849∠-22.086332,
1670025792,920000,49.967670,32.543499∠-143.276731,33.236134∠97.037409,33.098385∠-22.545704,
1670025792,960000,49.967434,32.540390∠-143.733233,33.233665∠96.577313,33.095459∠-23.004251,
1670025793,0,49.968445,32.539951∠-144.193835,33.231224∠96.115665,33.092804∠-23.465608,
1670025793,40000,49.968769,32.539429∠-144.651430,33.229427∠95.654277,33.093250∠-23.920856,
1670025793,80000,49.968208,32.539928∠-145.105840,33.230732∠95.203516,33.095062∠-24.376561,
1670025793,120000,49.968784,32.541721∠-145.557681,33.233330∠94.754285,33.097588∠-24.829212,
1670025793,160000,49.968483,32.541157∠-146.003249,33.236301∠94.303278,33.098495∠-25.280063,
1670025793,200000,49.967880,32.538643∠-146.453519,33.239651∠93.847582,33.099102∠-25.734149,
1670025793,240000,49.968269,32.535172∠-146.889123,33.243095∠93.404003,33.098602∠-26.179898,
1670025793,280000,49.969231,32.532356∠-147.323812,33.246712∠92.962877,33.098450∠-26.625462,
1670025793,320000,49.969330,32.535187∠-147.774915,33.249542∠92.518505,33.097656∠-27.079825,
1670025793,360000,49.968506,32.541439∠-148.227563,33.250118∠92.070853,33.098705∠-27.532659,
1670025793,400000,49.967686,32.550640∠-148.678310,33.247887∠91.625504,33.101620∠-27.983447,
1670025793,440000,49.967312,32.557652∠-149.129386,33.244328∠91.175275,33.103333∠-28.433197,
1670025793,480000,49.967533,32.562057∠-149.583660,33.239246∠90.721842,33.104828∠-28.887224,
1670025793,520000,49.967918,32.562954∠-150.059938,33.235630∠90.243185,33.106022∠-29.361958,
1670025793,560000,49.967880,32.562714∠-150.519652,33.234116∠89.780677,33.105022∠-29.823195,
1670025793,600000,49.967400,32.562744∠-150.995807,33.233276∠89.309920,33.103710∠-30.291758,
1670025793,640000,49.967506,32.561443∠-151.457011,33.232872∠88.850118,33.101570∠-30.751376,
1670025793,680000,49.967747,32.561718∠-151.913499,33.231880∠88.389236,33.099995∠-31.209279,
1670025793,720000,49.967445,32.561798∠-152.365107,33.232082∠87.934374,33.099010∠-31.661779,
1670025793,760000,49.966858,32.561630∠-152.829044,33.231625∠87.470157,33.099400∠-32.124479,
1670025793,800000,49.967159,32.562592∠-153.294621,33.233192∠87.004006,33.101414∠-32.589929,
1670025793,840000,49.967648,32.561226∠-153.775314,33.235714∠86.523908,33.102844∠-33.072608,
1670025793,880000,49.967033,32.560150∠-154.246426,33.238159∠86.052769,33.105721∠-33.546337,
1670025793,920000,49.967117,32.558178∠-154.714668,33.241295∠85.586098,33.108028∠-34.018536,
1670025793,960000,49.966949,32.558178∠-155.189388,33.241837∠85.120501,33.110294∠-34.495227,
1670025794,0,49.966484,32.558697∠-155.669534,33.240910∠84.645480,33.111698∠-34.976590,
1670025794,40000,49.966511,32.558762∠-156.142737,33.240459∠84.171812,33.113125∠-35.449462,
1670025794,80000,49.966721,32.560059∠-156.619781,33.239796∠83.691331,33.112083∠-35.930889,
1670025794,120000,49.967232,32.559193∠-157.094952,33.238956∠83.215155,33.109997∠-36.406785,
1670025794,160000,49.965721,32.558556∠-157.571627,33.237602∠82.742294,33.106659∠-36.877825,
1670025794,200000,49.965534,32.556557∠-158.053372,33.234982∠82.260802,33.103306∠-37.356591,
1670025794,240000,49.967033,32.553295∠-158.535090,33.227295∠81.780806,33.100056∠-37.836672,
1670025794,280000,49.967670,32.549763∠-159.012230,33.222698∠81.304862,33.095619∠-38.308905,
1670025794,320000,49.967396,32.548420∠-159.482617,33.219612∠80.832882,33.094688∠-38.778999,
1670025794,360000,49.967236,32.551155∠-159.935907,33.218601∠80.375725,33.095573∠-39.240294,
1670025794,400000,49.967281,32.554512∠-160.402536,33.219257∠79.911829,33.097797∠-39.707241,
1670025794,440000,49.967308,32.556053∠-160.852013,33.221180∠79.460931,33.099445∠-40.158211,
1670025794,480000,49.967834,32.555218∠-161.307367,33.222683∠79.004928,33.100018∠-40.611077,
1670025794,520000,49.967171,32.552940∠-161.774228,33.222816∠78.540561,33.100601∠-41.074358,
1670025794,560000,49.967533,32.549816∠-162.234448,33.223572∠78.077116,33.100719∠-41.537577,
1670025794,600000,49.968369,32.550606∠-162.682735,33.224743∠77.619767,33.100842∠-41.992217,
1670025794,640000,49.967621,32.554142∠-163.143351,33.225281∠77.161126,33.100742∠-42.453085,
1670025794,680000,49.967979,32.556011∠-163.597638,33.228584∠76.709360,33.101673∠-42.901304,
1670025794,720000,49.968842,32.555714∠-164.054878,33.231003∠76.250562,33.103867∠-43.357745,
1670025794,760000,49.968643,32.555508∠-164.505858,33.235554∠75.799951,33.105434∠-43.808441,
1670025794,800000,49.967796,32.555218∠-164.938688,33.236797∠75.367634,33.107117∠-44.243622,
1670025794,840000,49.968193,32.555016∠-165.372393,33.238316∠74.938248,33.106731∠-44.677945,
1670025794,880000,49.969109,32.555466∠-165.820038,33.237568∠74.493104,33.106499∠-45.124702,
1670025794,920000,49.968258,32.555737∠-166.268326,33.237129∠74.048206,33.106125∠-45.573748,
1670025794,960000,49.967648,32.554058∠-166.724254,33.235661∠73.592100,33.104099∠-46.027469,
1670025795,0,49.968220,32.551949∠-167.176546,33.233257∠73.142159,33.101990∠-46.478227,
1670025795,40000,49.968220,32.547340∠-167.635357,33.229607∠72.687031,33.098915∠-46.931274,
1670025795,80000,49.968197,32.538094∠-168.093116,33.229042∠72.227392,33.099125∠-47.375376,
1670025795,120000,49.966068,32.513088∠-168.553513,33.235607∠71.762055,33.104561∠-47.810430,
1670025795,160000,49.968140,32.480045∠-169.040001,33.249882∠71.271624,33.108704∠-48.249431,
1670025795,200000,49.970093,32.453018∠-169.526571,33.259930∠70.778665,33.115067∠-48.697773,
1670025795,240000,49.960365,32.417690∠-169.991956,33.273273∠70.300247,33.124241∠-49.118993,
1670025795,280000,49.961609,32.390156∠-170.453624,33.282711∠69.826983,33.132759∠-49.546752,
1670025795,320000,49.970352,32.365417∠-170.902240,33.293503∠69.359998,33.141113∠-49.972004,
1670025795,360000,49.969330,32.349186∠-171.356883,33.300083∠68.887615,33.147003∠-50.412344,
1670025795,400000,49.967972,32.346493∠-171.794989,33.301788∠68.438664,33.150223∠-50.857697,
1670025795,440000,49.967731,32.355652∠-172.228010,33.298061∠67.998850,33.149979∠-51.317311,
1670025795,480000,49.967159,32.372936∠-172.678416,33.288944∠67.539178,33.146523∠-51.803074,
1670025795,520000,49.966385,32.391293∠-173.134617,33.278381∠67.079451,33.141853∠-52.284502,
1670025795,560000,49.966461,32.404457∠-173.626039,33.268330∠66.592573,33.139130∠-52.794515,
1670025795,600000,49.966984,32.412125∠-174.104203,33.262077∠66.122575,33.137966∠-53.279270,
1670025795,640000,49.966721,32.414738∠-174.621784,33.259689∠65.613154,33.137516∠-53.795853,
1670025795,680000,49.966461,32.412350∠-175.126914,33.257355∠65.106992,33.136875∠-54.296186,
1670025795,720000,49.966831,32.409664∠-175.604176,33.255207∠64.623859,33.136673∠-54.773947,
1670025795,760000,49.966694,32.409195∠-176.073484,33.253185∠64.146440,33.135567∠-55.250728,
1670025795,800000,49.966545,32.409935∠-176.533813,33.251587∠63.678703,33.134747∠-55.717155,
1670025795,840000,49.966774,32.412987∠-177.008137,33.250408∠63.196254,33.133339∠-56.200688,
1670025795,880000,49.967060,32.416592∠-177.478101,33.249557∠62.724869,33.132637∠-56.684712,
1670025795,920000,49.967297,32.418465∠-177.941108,33.248093∠62.259531,33.133530∠-57.159111,
1670025795,960000,49.967419,32.420692∠-178.411537,33.248474∠61.790367,33.135029∠-57.635191,
1670025796,0,49.967358,32.422359∠-178.874435,33.249580∠61.328603,33.137474∠-58.100973,
1670025796,40000,49.967033,32.424789∠-179.341009,33.251488∠60.865726,33.139580∠-58.563311,
1670025796,80000,49.967297,32.426735∠-179.805876,33.253155∠60.401058,33.141930∠-59.028484,
1670025796,120000,49.966961,32.430042∠180.065759,33.256168∠59.946340,33.143154∠-59.487521,
1670025796,160000,49.966576,32.431297∠179.585477,33.257801∠59.466446,33.144463∠-59.964790,
1670025796,200000,49.966461,32.431252∠179.115772,33.258217∠58.995977,33.142632∠-60.435711,
1670025796,240000,49.965389,32.430317∠178.634451,33.256973∠58.510609,33.139210∠-60.919062,
1670025796,280000,49.965511,32.428394∠178.154783,33.253143∠58.022413,33.134850∠-61.402714,
1670025796,320000,49.966560,32.426208∠177.668951,33.245869∠57.535447,33.131020∠-61.885908,
1670025796,360000,49.966362,32.422176∠177.161047,33.238720∠57.029545,33.128544∠-62.393027,
1670025796,400000,49.966476,32.418495∠176.662805,33.233017∠56.533015,33.126236∠-62.886512,
1670025796,440000,49.967159,32.416294∠176.182877,33.228928∠56.057468,33.126934∠-63.364704,
1670025796,480000,49.967098,32.416496∠175.714321,33.231159∠55.591707,33.127842∠-63.834579,
1670025796,520000,49.967308,32.418392∠175.259528,33.234547∠55.140146,33.129692∠-64.288976,
1670025796,560000,49.967022,32.420151∠174.791696,33.239559∠54.669444,33.132133∠-64.758639,
1670025796,600000,49.966312,32.422554∠174.344010,33.244278∠54.221692,33.133698∠-65.206189,
1670025796,640000,49.967636,32.424385∠173.878652,33.249203∠53.761237,33.135490∠-65.666538,
1670025796,680000,49.967892,32.426060∠173.410560,33.251911∠53.296262,33.136814∠-66.134186,
1670025796,720000,49.966709,32.426865∠172.947033,33.252186∠52.832332,33.138416∠-66.596551,
1670025796,760000,49.967171,32.428188∠172.483957,33.249489∠52.371296,33.137844∠-67.062647,
1670025796,800000,49.967880,32.426632∠172.020895,33.247116∠51.905569,33.136257∠-67.525251,
1670025796,840000,49.966812,32.424801∠171.561428,33.244598∠51.445176,33.135170∠-67.986153,
1670025796,880000,49.966698,32.422657∠171.096179,33.242882∠50.978792,33.132793∠-68.451997,
1670025796,920000,49.967720,32.419609∠170.630657,33.240788∠50.513482,33.131561∠-68.914977,
1670025796,960000,49.966858,32.420345∠170.159490,33.240295∠50.044198,33.131611∠-69.389437,
1670025797,0,49.966347,32.421371∠169.688310,33.240463∠49.572686,33.131237∠-69.859251,
1670025797,40000,49.966797,32.423069∠169.216924,33.239388∠49.103692,33.129818∠-70.328340,
1670025797,80000,49.967155,32.423023∠168.730847,33.239655∠48.623779,33.125694∠-70.813031,
1670025797,120000,49.966782,32.421524∠168.240354,33.240612∠48.133799,33.125183∠-71.297790,
1670025797,160000,49.966148,32.420033∠167.765333,33.242470∠47.658928,33.125893∠-71.772708,
1670025797,200000,49.965538,32.420185∠167.287046,33.242611∠47.174186,33.128063∠-72.255383,
1670025797,240000,49.965809,32.419048∠166.808882,33.242737∠46.694365,33.130020∠-72.736718,
1670025797,280000,49.967007,32.418171∠166.324294,33.243156∠46.210665,33.130650∠-73.224436,
1670025797,320000,49.965946,32.420250∠165.829906,33.244770∠45.713141,33.131676∠-73.718810,
1670025797,360000,49.965572,32.423878∠165.338676,33.246704∠45.222891,33.133911∠-74.208147,
1670025797,400000,49.965824,32.425781∠164.853322,33.247913∠44.741908,33.135136∠-74.691560,
1670025797,440000,49.965248,32.427387∠164.365044,33.249416∠44.253305,33.135891∠-75.173531,
1670025797,480000,49.965900,32.428604∠163.875850,33.250935∠43.762533,33.136372∠-75.656212,
1670025797,520000,49.966286,32.429874∠163.386943,33.252651∠43.274220,33.135258∠-76.142433,
1670025797,560000,49.965298,32.432224∠162.890588,33.253880∠42.778880,33.136364∠-76.637176,
1670025797,600000,49.964737,32.432846∠162.385444,33.255005∠42.276914,33.135628∠-77.139429,
1670025797,640000,49.965572,32.432777∠161.890291,33.254051∠41.787897,33.136921∠-77.629594,
1670025797,680000,49.965946,32.433868∠161.388578,33.254902∠41.289809,33.139893∠-78.128949,
1670025797,720000,49.965149,32.434353∠160.902158,33.256680∠40.807576,33.143360∠-78.616271,
1670025797,760000,49.964924,32.435173∠160.410012,33.257858∠40.317093,33.147392∠-79.110583,
1670025797,800000,49.965378,32.437405∠159.926039,33.258324∠39.827162,33.148727∠-79.601048,
1670025797,840000,49.966362,32.440327∠159.429711,33.257870∠39.327669,33.148792∠-80.103096,
1670025797,880000,49.966396,32.440792∠158.938645,33.257637∠38.837033,33.146080∠-80.598966,
1670025797,920000,49.965736,32.441387∠158.453934,33.256748∠38.350170,33.144924∠-81.087661,
1670025797,960000,49.966221,32.441303∠157.983013,33.256805∠37.880766,33.145161∠-81.559894,
1670025798,0,49.966999,32.443893∠157.503099,33.257824∠37.399861,33.146675∠-82.037806,
1670025798,40000,49.966820,32.445011∠157.042784,33.258598∠36.942506,33.146149∠-82.496569,
1670025798,80000,49.966110,32.443993∠156.575130,33.258896∠36.478552,33.145107∠-82.960431,
1670025798,120000,49.966133,32.441730∠156.094957,33.255959∠35.998744,33.141560∠-83.433696,
1670025798,160000,49.966232,32.438099∠155.616642,33.254128∠35.518570,33.139000∠-83.912222,
1670025798,200000,49.966225,32.435223∠155.142031,33.252277∠35.039299,33.137260∠-84.389280,
1670025798,240000,49.965851,32.432949∠154.664864,33.250805∠34.563297,33.136257∠-84.872720,
1670025798,280000,49.966049,32.432873∠154.188408,33.252476∠34.091434,33.136372∠-85.353747,
1670025798,320000,49.965813,32.436298∠153.698886,33.254776∠33.601119,33.137516∠-85.844827,
1670025798,360000,49.964813,32.437038∠153.210881,33.255577∠33.115294,33.140007∠-86.332087,
1670025798,400000,49.964622,32.437126∠152.701378,33.253704∠32.607830,33.139694∠-86.838646,
1670025798,440000,49.964211,32.435322∠152.180790,33.250271∠32.082343,33.138699∠-87.359049,
1670025798,480000,49.964638,32.432838∠151.676549,33.245632∠31.581046,33.135750∠-87.863167,
1670025798,520000,49.964996,32.432060∠151.151779,33.242138∠31.052552,33.133213∠-88.394081,
1670025798,560000,49.964764,32.432022∠150.633678,33.240723∠30.536000,33.131008∠-88.914880,
1670025798,600000,49.964912,32.429920∠150.128671,33.241219∠30.030521,33.130253∠-89.416067,
1670025798,640000,49.965187,32.429642∠149.627874,33.242939∠29.530004,33.131271∠-89.915942,
1670025798,680000,49.964985,32.427021∠149.133869,33.243946∠29.035217,33.131947∠-90.408908,
1670025798,720000,49.964912,32.427311∠148.637322,33.243851∠28.536029,33.131580∠-90.903590,
1670025798,760000,49.965527,32.427292∠148.151559,33.241879∠28.050861,33.130234∠-91.381658,
1670025798,800000,49.965412,32.425186∠147.655777,33.240730∠27.556515,33.127689∠-91.877529,
1670025798,840000,49.964752,32.423363∠147.159066,33.239594∠27.059344,33.125652∠-92.373222,
1670025798,880000,49.964714,32.418941∠146.663695,33.240612∠26.559102,33.123970∠-92.870623,
1670025798,920000,49.964848,32.415646∠146.169703,33.241318∠26.062940,33.122570∠-93.368782,
1670025798,960000,49.964600,32.413021∠145.671680,33.241604∠25.562134,33.121387∠-93.872115,
1670025799,0,49.964615,32.411858∠145.170596,33.241310∠25.061158,33.120541∠-94.376384,
1670025799,40000,49.964725,32.413086∠144.664304,33.240456∠24.553389,33.119183∠-94.883038,
1670025799,80000,49.964901,32.415337∠144.160404,33.240673∠24.058019,33.120235∠-95.382640,
1670025799,120000,49.964073,32.418087∠143.651707,33.242153∠23.549332,33.124081∠-95.888836,
1670025799,160000,49.962990,32.418087∠143.130053,33.243969∠23.034322,33.127983∠-96.399706,
1670025799,200000,49.964188,32.416393∠142.618978,33.245541∠22.528981,33.132591∠-96.899246,
1670025799,240000,49.965099,32.414074∠142.093087,33.246067∠22.004105,33.135529∠-97.414490,
1670025799,280000,49.966137,32.415222∠141.571270,33.246227∠21.489766,33.135937∠-97.931497,
1670025799,320000,49.967598,32.421810∠141.065525,33.245613∠20.988822,33.133480∠-98.436469,
1670025799,360000,49.966797,32.439392∠140.570372,33.242470∠20.504893,33.128250∠-98.935825,
1670025799,400000,49.965611,32.466526∠140.106558,33.235218∠20.053066,33.122509∠-99.423304,
1670025799,440000,49.965027,32.497845∠139.615355,33.227730∠19.581293,33.114983∠-99.944465,
1670025799,480000,49.965199,32.526241∠139.144790,33.220814∠19.126045,33.110451∠-100.438354,
1670025799,520000,49.965611,32.544144∠138.654639,33.218079∠18.649064,33.106586∠-100.940149,
1670025799,560000,49.965721,32.551491∠138.160320,33.218155∠18.164401,33.106934∠-101.433430,
1670025799,600000,49.965611,32.551037∠137.663445,33.220402∠17.672453,33.108879∠-101.928357,
1670025799,640000,49.966209,32.546642∠137.172037,33.225269∠17.180169,33.111958∠-102.412316,
1670025799,680000,49.966125,32.542145∠136.683267,33.231415∠16.691628,33.114937∠-102.894260,
1670025799,720000,49.965797,32.538326∠136.207453,33.235645∠16.209361,33.117134∠-103.367039,
1670025799,760000,49.965450,32.537308∠135.737612,33.238346∠15.735970,33.117477∠-103.831639,
1670025799,800000,49.965725,32.538490∠135.253174,33.240444∠15.253598,33.117855∠-104.312844,
1670025799,840000,49.966236,32.541008∠134.777224,33.240025∠14.775181,33.116940∠-104.791139,
1670025799,880000,49.964951,32.542702∠134.282549,33.238728∠14.282011,33.116039∠-105.285471,
1670025799,920000,49.964325,32.541096∠133.786782,33.236614∠13.788719,33.114407∠-105.776182,
1670025799,960000,49.965160,32.536312∠133.276950,33.233860∠13.280154,33.112053∠-106.288337,
1670025800,0,49.965687,32.529839∠132.769018,33.231052∠12.775454,33.109703∠-106.793727,
1670025800,40000,49.965958,32.524532∠132.276899,33.226997∠12.284071,33.105854∠-107.283502,
1670025800,80000,49.965950,32.521427∠131.793733,33.221916∠11.797713,33.101509∠-107.767468,
1670025800,120000,49.965614,32.520840∠131.315678,33.219299∠11.318884,33.099155∠-108.246083,
1670025800,160000,49.966248,32.523605∠130.830994,33.219288∠10.829349,33.097130∠-108.738318,
1670025800,200000,49.965900,32.528580∠130.355030,33.220741∠10.351253,33.097546∠-109.219408,
1670025800,240000,49.965176,32.532963∠129.868583,33.223030∠9.863016,33.097637∠-109.711765,
1670025800,280000,49.965187,32.537403∠129.374647,33.226906∠9.372824,33.099117∠-110.204158,
1670025800,320000,49.965374,32.541393∠128.869722,33.230579∠8.862534,33.100098∠-110.715458,
1670025800,360000,49.965225,32.542713∠128.363744,33.232376∠8.359009,33.102341∠-111.223335,
1670025800,400000,49.964649,32.542892∠127.864587,33.234493∠7.864479,33.102398∠-111.719466,
1670025800,440000,49.965034,32.542366∠127.363899,33.235268∠7.364437,33.103207∠-112.217618,
1670025800,480000,49.965000,32.542019∠126.862473,33.235176∠6.865189,33.104324∠-112.718190,
1670025800,520000,49.964375,32.541325∠126.361812,33.232571∠6.363726,33.105080∠-113.219015,
1670025800,560000,49.964561,32.538994∠125.851775,33.228127∠5.856322,33.106079∠-113.724863,
1670025800,600000,49.964890,32.537663∠125.341165,33.225677∠5.348200,33.106686∠-114.235138,
1670025800,640000,49.965126,32.536343∠124.841816,33.222794∠4.844721,33.106289∠-114.737043,
1670025800,680000,49.964600,32.536095∠124.347101,33.220760∠4.349673,33.106056∠-115.230761,
1670025800,720000,49.965088,32.536190∠123.856021,33.219456∠3.856793,33.104801∠-115.722975,
1670025800,760000,49.965797,32.537354∠123.359597,33.221306∠3.359576,33.105331∠-116.216816,
1670025800,800000,49.965225,32.539810∠122.871277,33.222813∠2.864909,33.104076∠-116.711627,
1670025800,840000,49.965237,32.542133∠122.386703,33.222149∠2.381254,33.104355∠-117.191883,
1670025800,880000,49.964924,32.545086∠121.891619,33.220646∠1.888222,33.105320∠-117.684029,
1670025800,920000,49.965111,32.546093∠121.393623,33.221340∠1.393784,33.104065∠-118.179004,
1670025800,960000,49.965813,32.545326∠120.890912,33.221760∠0.894246,33.101589∠-118.678845,
1670025801,0,49.965313,32.542900∠120.393846,33.222466∠0.399961,33.100578∠-119.175884,
1670025801,40000,49.964851,32.540993∠119.898829,33.222141∠-0.097195,33.100266∠-119.667087,
1670025801,80000,49.966187,32.540497∠119.412998,33.223209∠-0.581858,33.100914∠-120.155720,
1670025801,120000,49.965775,32.539040∠118.922123,33.224987∠-1.073058,33.101982∠-120.648468,
1670025801,160000,49.964249,32.536957∠118.438860,33.225803∠-1.555980,33.102215∠-121.134518,
1670025801,200000,49.965336,32.535389∠117.948505,33.226376∠-2.050448,33.101837∠-121.630532,
1670025801,240000,49.966286,32.535110∠117.453270,33.225830∠-2.544794,33.101978∠-122.126847,
1670025801,280000,49.966026,32.535339∠116.954974,33.227139∠-3.041583,33.103321∠-122.625061,
1670025801,320000,49.965290,32.535542∠116.460313,33.225960∠-3.536296,33.104382∠-123.125066,
1670025801,360000,49.965351,32.538330∠115.972062,33.225742∠-4.024227,33.103153∠-123.612524,
1670025801,400000,49.965698,32.542637∠115.492339,33.225307∠-4.504981,33.103111∠-124.090934,
1670025801,440000,49.965462,32.545139∠115.017674,33.225876∠-4.986314,33.104206∠-124.567677,
1670025801,480000,49.965523,32.546265∠114.529341,33.226387∠-5.476170,33.104916∠-125.053987,
1670025801,520000,49.966461,32.548901∠114.040557,33.227684∠-5.958969,33.106213∠-125.544944,
1670025801,560000,49.967522,32.551281∠113.546436,33.229492∠-6.449955,33.106064∠-126.038225,
1670025801,600000,49.966652,32.554108∠113.062094,33.231308∠-6.930403,33.107376∠-126.523237,
1670025801,640000,49.965286,32.553947∠112.587627,33.232658∠-7.406330,33.109451∠-127.003301,
1670025801,680000,49.965759,32.556129∠112.127872,33.233593∠-7.870619,33.110203∠-127.466868,
1670025801,720000,49.966560,32.556831∠111.645491,33.234028∠-8.351678,33.109859∠-127.950759,
1670025801,760000,49.966263,32.555695∠111.166678,33.232620∠-8.835853,33.108261∠-128.432573,
1670025801,800000,49.964996,32.553738∠110.680866,33.226910∠-9.324883,33.106876∠-128.923380,
1670025801,840000,49.964951,32.551437∠110.195937,33.222340∠-9.806156,33.102074∠-129.412915,
1670025801,880000,49.965775,32.548004∠109.706545,33.217083∠-10.296959,33.095963∠-129.908929,
1670025801,920000,49.965927,32.548756∠109.210818,33.213882∠-10.796436,33.093216∠-130.407923,
1670025801,960000,49.965214,32.548542∠108.720763,33.213531∠-11.286384,33.092972∠-130.897281,
1670025802,0,49.965038,32.548725∠108.220895,33.215889∠-11.784364,33.095757∠-131.390807,
1670025802,40000,49.966022,32.548431∠107.720986,33.219608∠-12.280116,33.099369∠-131.885796,
1670025802,80000,49.965714,32.550137∠107.231122,33.222980∠-12.771559,33.103016∠-132.375933,
1670025802,120000,49.964787,32.555779∠106.739345,33.225491∠-13.261323,33.105721∠-132.861409,
1670025802,160000,49.964600,32.560791∠106.236067,33.225994∠-13.760617,33.108246∠-133.361674,
1670025802,200000,49.964825,32.563583∠105.736575,33.226940∠-14.256399,33.108620∠-133.864426,
1670025802,240000,49.964550,32.563160∠105.214026,33.227970∠-14.774082,33.106594∠-134.386284,
1670025802,280000,49.964813,32.560123∠104.696267,33.229095∠-15.292283,33.104946∠-134.903100,
1670025802,320000,49.965332,32.557041∠104.196652,33.228813∠-15.799520,33.104713∠-135.403118,
1670025802,360000,49.965736,32.554932∠103.703563,33.227081∠-16.302174,33.104725∠-135.900841,
1670025802,400000,49.964890,32.555771∠103.221872,33.225533∠-16.784179,33.106480∠-136.384855,
1670025802,440000,49.964813,32.558514∠102.729241,33.226986∠-17.281702,33.108532∠-136.885010,
1670025802,480000,49.966087,32.561485∠102.241776,33.228825∠-17.767831,33.111912∠-137.370773,
1670025802,520000,49.966137,32.564175∠101.740206,33.231350∠-18.263795,33.112999∠-137.868468,
1670025802,560000,49.965534,32.565506∠101.249010,33.234333∠-18.749589,33.112831∠-138.355544,
1670025802,600000,49.965488,32.566357∠100.758524,33.236469∠-19.226983,33.114040∠-138.838861,
1670025802,640000,49.966198,32.565792∠100.282185,33.237152∠-19.692035,33.117340∠-139.309248,
1670025802,680000,49.966270,32.564613∠99.795970,33.237904∠-20.172452,33.120625∠-139.792907,
1670025802,720000,49.966534,32.564819∠99.328760,33.238911∠-20.642972,33.120228∠-140.267299,
1670025802,760000,49.966396,32.567036∠98.864359,33.238148∠-21.113861,33.118919∠-140.732685,
1670025802,800000,49.966633,32.568630∠98.389051,33.236649∠-21.597362,33.117237∠-141.207323,
1670025802,840000,49.966633,32.569443∠97.928299,33.233910∠-22.057406,33.116211∠-141.662075,
1670025802,880000,49.966072,32.565891∠97.456763,33.230225∠-22.529698,33.116039∠-142.127638,
1670025802,920000,49.966110,32.559895∠96.980771,33.227016∠-23.005930,33.114204∠-142.600582,
1670025802,960000,49.966843,32.554020∠96.503120,33.224537∠-23.484271,33.111599∠-143.076847,
1670025803,0,49.966988,32.549217∠96.033272,33.223011∠-23.958487,33.107567∠-143.548177,
1670025803,40000,49.966686,32.545097∠95.561565,33.219597∠-24.438965,33.102932∠-144.028241,
1670025803,80000,49.967072,32.544914∠95.094888,33.217308∠-24.908141,33.099442∠-144.499039,
1670025803,120000,49.966999,32.545082∠94.621412,33.216965∠-25.381107,33.096363∠-144.977996,
1670025803,160000,49.966774,32.548138∠94.151181,33.219543∠-25.844235,33.095901∠-145.450051,
1670025803,200000,49.966286,32.551785∠93.678415,33.223637∠-26.308555,33.097832∠-145.916653,
1670025803,240000,49.966621,32.554394∠93.199246,33.226376∠-26.779441,33.102077∠-146.389187,
1670025803,280000,49.966545,32.554562∠92.725920,33.227985∠-27.253811,33.105331∠-146.859164,
1670025803,320000,49.966187,32.555676∠92.246362,33.229836∠-27.734930,33.108009∠-147.337138,
1670025803,360000,49.966347,32.557957∠91.766803,33.230618∠-28.214920,33.108749∠-147.812732,
1670025803,400000,49.966274,32.559437∠91.287210,33.232075∠-28.695092,33.109219∠-148.293275,
1670025803,440000,49.966633,32.559105∠90.792871,33.233871∠-29.191393,33.109715∠-148.789084,
1670025803,480000,49.966923,32.559464∠90.310914,33.232422∠-29.671628,33.108952∠-149.270337,
1670025803,520000,49.966808,32.558197∠89.831301,33.230137∠-30.148320,33.109413∠-149.740684,
1670025803,560000,49.966789,32.558846∠89.363578,33.226589∠-30.617922,33.108860∠-150.207791,
1670025803,600000,49.966652,32.559891∠88.898671,33.223877∠-31.080379,33.110718∠-150.672179,
1670025803,640000,49.966648,32.561413∠88.431276,33.222927∠-31.549923,33.112087∠-151.148867,
1670025803,680000,49.967224,32.564041∠87.975075,33.222828∠-32.005782,33.112576∠-151.603989,
1670025803,720000,49.967308,32.563786∠87.505719,33.225113∠-32.470132,33.113564∠-152.071110,
1670025803,760000,49.966671,32.562511∠87.039111,33.228222∠-32.933748,33.113682∠-152.539311,
1670025803,800000,49.967182,32.562016∠86.574197,33.229923∠-33.403507,33.112724∠-153.008974,
1670025803,840000,49.967648,32.560959∠86.108271,33.229347∠-33.874055,33.112453∠-153.473622,
1670025803,880000,49.967384,32.561432∠85.641225,33.228493∠-34.340483,33.113091∠-153.942164,
1670025803,920000,49.967686,32.563110∠85.174767,33.228546∠-34.802513,33.114101∠-154.406374,
1670025803,960000,49.967232,32.564476∠84.718614,33.230614∠-35.258984,33.116444∠-154.859979,
1670025804,0,49.967148,32.565567∠84.258012,33.232548∠-35.724004,33.119766∠-155.320526,
1670025804,40000,49.968010,32.567486∠83.816264,33.233356∠-36.168195,33.123005∠-155.761611,
1670025804,80000,49.966400,32.563751∠83.350284,33.236965∠-36.631995,33.127075∠-156.222445,
1670025804,120000,49.964798,32.551769∠82.885978,33.240639∠-37.099707,33.133121∠-156.676295,
1670025804,160000,49.966583,32.530231∠82.404028,33.245613∠-37.587056,33.139229∠-157.145945,
1670025804,200000,49.967182,32.507290∠81.924675,33.251575∠-38.073369,33.145329∠-157.601941,
1670025804,240000,49.967270,32.487602∠81.447023,33.255989∠-38.553727,33.149723∠-158.051336,
1670025804,280000,49.968132,32.477047∠80.959551,33.257633∠-39.041261,33.152069∠-158.524211,
1670025804,320000,49.968479,32.477680∠80.509603,33.255646∠-39.498036,33.152172∠-158.979182,
1670025804,360000,49.967396,32.485989∠80.053415,33.252132∠-39.959331,33.152065∠-159.444253,
1670025804,400000,49.966923,32.494324∠79.619991,33.246891∠-40.390419,33.149509∠-159.881539,
1670025804,440000,49.967861,32.499737∠79.164179,33.243233∠-40.839861,33.147186∠-160.337658,
1670025804,480000,49.968945,32.503296∠78.707015,33.241302∠-41.292635,33.144356∠-160.798574,
1670025804,520000,49.969082,32.507633∠78.252488,33.241112∠-41.744493,33.141483∠-161.258547,
1670025804,560000,49.968121,32.513512∠77.799300,33.240761∠-42.193570,33.138538∠-161.715609,
1670025804,600000,49.968559,32.523346∠77.345894,33.239933∠-42.639593,33.137310∠-162.177564,
1670025804,640000,49.968323,32.535179∠76.904311,33.238846∠-43.077644,33.136971∠-162.633082,
1670025804,680000,49.967323,32.544315∠76.458749,33.238289∠-43.518934,33.135551∠-163.088572,
1670025804,720000,49.966759,32.547943∠76.002972,33.238251∠-43.972715,33.130371∠-163.554299,
1670025804,760000,49.967159,32.549232∠75.536835,33.235600∠-44.441525,33.122616∠-164.030482,
1670025804,800000,49.967583,32.546982∠75.051803,33.233749∠-44.918582,33.114044∠-164.517079,
1670025804,840000,49.967693,32.542194∠74.585720,33.231159∠-45.376273,33.104038∠-164.988369,
1670025804,880000,49.968334,32.537704∠74.108478,33.229584∠-45.846305,33.096882∠-165.464620,
1670025804,920000,49.968472,32.535969∠73.657034,33.228115∠-46.298225,33.093330∠-165.919482,
1670025804,960000,49.968346,32.536304∠73.197484,33.226482∠-46.753838,33.092625∠-166.374931,
1670025805,0,49.967796,32.537117∠72.755975,33.226032∠-47.194667,33.094078∠-166.813856,
1670025805,40000,49.968040,32.538731∠72.328906,33.224880∠-47.627312,33.096493∠-167.241356,
1670025805,80000,49.968620,32.539558∠71.880557,33.225040∠-48.079902,33.098724∠-167.690929,
1670025805,120000,49.967785,32.540771∠71.447420,33.224491∠-48.519268,33.099594∠-168.127367,
1670025805,160000,49.967793,32.540405∠70.997287,33.225090∠-48.968711,33.099518∠-168.579372,
1670025805,200000,49.968494,32.536678∠70.544851,33.223690∠-49.419896,33.097622∠-169.031978,
1670025805,240000,49.969143,32.534157∠70.083764,33.221695∠-49.879910,33.096516∠-169.491870,
1670025805,280000,49.969330,32.533379∠69.631458,33.222569∠-50.335312,33.095982∠-169.944490,
1670025805,320000,49.968880,32.534584∠69.185487,33.222862∠-50.783473,33.096462∠-170.394404,
1670025805,360000,49.968346,32.536079∠68.751755,33.224228∠-51.221124,33.099270∠-170.831361,
1670025805,400000,49.968468,32.536320∠68.322198,33.226284∠-51.652608,33.101433∠-171.263740,
1670025805,440000,49.968994,32.536053∠67.878619,33.229202∠-52.095883,33.106190∠-171.710333,
1670025805,480000,49.968044,32.535618∠67.433653,33.230267∠-52.542732,33.111847∠-172.151200,
1670025805,520000,49.968559,32.535213∠66.981162,33.230042∠-52.996360,33.116467∠-172.599241,
1670025805,560000,49.969643,32.537151∠66.531925,33.228813∠-53.447699,33.121231∠-173.040545,
1670025805,600000,49.969231,32.538723∠66.087184,33.225983∠-53.895402,33.123425∠-173.484172,
1670025805,640000,49.969208,32.540520∠65.651115,33.226341∠-54.331068,33.124359∠-173.917726,
1670025805,680000,49.969368,32.543236∠65.215763,33.228481∠-54.768784,33.122570∠-174.352798,
1670025805,720000,49.970291,32.547569∠64.801227,33.231434∠-55.183314,33.121849∠-174.767997,
1670025805,760000,49.970570,32.550705∠64.387613,33.233803∠-55.601421,33.123055∠-175.180039,
1670025805,800000,49.970093,32.554703∠63.958015,33.236881∠-56.032689,33.125664∠-175.609616,
1670025805,840000,49.970032,32.557728∠63.532258,33.239838∠-56.455805,33.128090∠-176.032920,
1670025805,880000,49.970242,32.559490∠63.111285,33.243065∠-56.874274,33.131927∠-176.455185,
1670025805,920000,49.970318,32.559002∠62.684673,33.243397∠-57.297663,33.133659∠-176.884543,
1670025805,960000,49.969845,32.558170∠62.264247,33.245819∠-57.716867,33.134212∠-177.306248,
1670025806,0,49.969570,32.555401∠61.849034,33.245148∠-58.134451,33.131676∠-177.722500,
1670025806,40000,49.970058,32.552845∠61.426837,33.241066∠-58.559033,33.129883∠-178.149152,
1670025806,80000,49.970943,32.552475∠61.011016,33.238373∠-58.980102,33.128525∠-178.565212,
1670025806,120000,49.970066,32.552547∠60.578405,33.235649∠-59.411832,33.127144∠-178.998315,
1670025806,160000,49.969219,32.551342∠60.152716,33.234310∠-59.840165,33.125015∠-179.423533,
1670025806,200000,49.969357,32.549625∠59.717986,33.233067∠-60.274430,33.123558∠-179.856896,
1670025806,240000,49.970131,32.547939∠59.286004,33.232071∠-60.705579,33.122101∠180.039614,
1670025806,280000,49.969681,32.546391∠58.859755,33.231083∠-61.135928,33.122112∠179.606237,
1670025806,320000,49.968647,32.548050∠58.433963,33.230270∠-61.563777,33.122173∠179.172109,
1670025806,360000,49.969391,32.549145∠57.992947,33.227745∠-62.003146,33.122326∠178.725584,
1670025806,400000,49.970268,32.550385∠57.557527,33.226063∠-62.436092,33.121056∠178.291811,
1670025806,440000,49.971054,32.549629∠57.109827,33.227028∠-62.874909,33.123497∠177.847542,
1670025806,480000,49.970619,32.551167∠56.690866,33.230724∠-63.284675,33.128113∠177.426466,
1670025806,520000,49.970181,32.552536∠56.268546,33.236217∠-63.703968,33.131889∠177.007440,
1670025806,560000,49.971127,32.554367∠55.870325,33.240768∠-64.102404,33.135296∠176.611635,
1670025806,600000,49.971592,32.555706∠55.479741,33.245186∠-64.493904,33.137760∠176.222403,
1670025806,640000,49.971081,32.556900∠55.071290,33.248009∠-64.905255,33.139668∠175.810949,
1670025806,680000,49.971443,32.556343∠54.681645,33.249481∠-65.292416,33.138950∠175.421103,
1670025806,720000,49.971504,32.556637∠54.285901,33.249348∠-65.690210,33.137291∠175.024273,
1670025806,760000,49.970993,32.555138∠53.880495,33.248402∠-66.101261,33.133030∠174.619187,
1670025806,800000,49.970783,32.551392∠53.476028,33.242817∠-66.511178,33.129128∠174.212667,
1670025806,840000,49.971016,32.547817∠53.076068,33.236301∠-66.915204,33.125118∠173.807500,
1670025806,880000,49.971466,32.543030∠52.666838,33.231644∠-67.323193,33.122066∠173.400596,
1670025806,920000,49.971806,32.539261∠52.255865,33.229069∠-67.728750,33.119759∠172.992668,
1670025806,960000,49.971989,32.538265∠51.836218,33.230183∠-68.146150,33.121071∠172.574995,
1670025807,0,49.971489,32.540672∠51.431201,33.232269∠-68.547176,33.123436∠172.170443,
1670025807,40000,49.970718,32.543701∠51.037073,33.236359∠-68.944389,33.126293∠171.773162,
1670025807,80000,49.971092,32.545769∠50.643755,33.237957∠-69.339101,33.127842∠171.378505,
1670025807,120000,49.971275,32.547672∠50.235609,33.238632∠-69.744924,33.129364∠170.968103,
1670025807,160000,49.971092,32.549133∠49.824698,33.238365∠-70.159577,33.131504∠170.553751,
1670025807,200000,49.972378,32.549561∠49.408870,33.238083∠-70.575698,33.131187∠170.140848,
1670025807,240000,49.972115,32.548092∠49.000081,33.236279∠-70.982984,33.131516∠169.736077,
1670025807,280000,49.971729,32.545662∠48.599447,33.234192∠-71.385206,33.128532∠169.328942,
1670025807,320000,49.971741,32.541336∠48.208009,33.232933∠-71.777622,33.124088∠168.939205,
1670025807,360000,49.972004,32.537243∠47.811165,33.230736∠-72.176119,33.119076∠168.540775,
1670025807,400000,49.973351,32.535450∠47.432663,33.227638∠-72.553234,33.114182∠168.165334,
1670025807,440000,49.973438,32.534138∠47.056788,33.225597∠-72.931382,33.111320∠167.790017,
1670025807,480000,49.972916,32.536068∠46.669579,33.224506∠-73.317934,33.110893∠167.410516,
1670025807,520000,49.972168,32.538017∠46.297108,33.224167∠-73.691687,33.114044∠167.040105,
1670025807,560000,49.972439,32.540951∠45.924103,33.223244∠-74.061955,33.115505∠166.671757,
1670025807,600000,49.973427,32.542759∠45.539447,33.224255∠-74.442398,33.118191∠166.287706,
1670025807,640000,49.973328,32.540630∠45.153400,33.225933∠-74.824796,33.119236∠165.897792,
1670025807,680000,49.972588,32.538467∠44.768833,33.227596∠-75.209578,33.120834∠165.508424,
1670025807,720000,49.972301,32.537243∠44.383763,33.228672∠-75.595030,33.120300∠165.121543,
1670025807,760000,49.972664,32.536510∠43.998113,33.228420∠-75.981241,33.118973∠164.735852,
1670025807,800000,49.973228,32.535103∠43.608536,33.226864∠-76.370179,33.119057∠164.346429,
1670025807,840000,49.973740,32.533871∠43.224950,33.225636∠-76.756335,33.119530∠163.959631,
1670025807,880000,49.973602,32.532993∠42.853715,33.225338∠-77.133504,33.119701∠163.586759,
1670025807,920000,49.973763,32.535072∠42.494196,33.226486∠-77.497027,33.120884∠163.221323,
1670025807,960000,49.973564,32.538464∠42.120888,33.228313∠-77.870446,33.121777∠162.845814,
1670025808,0,49.973427,32.542934∠41.755933,33.230198∠-78.229288,33.122509∠162.487183,
1670025808,40000,49.973778,32.546753∠41.381613,33.231525∠-78.601975,33.123241∠162.118972,
1670025808,80000,49.974449,32.550682∠41.006777,33.231632∠-78.975577,33.123642∠161.746101,
1670025808,120000,49.974365,32.551723∠40.630136,33.232121∠-79.347677,33.123764∠161.374391,
